-- Статусы принтеров
insert into "printerStatus" values
	(1, 'Нет соединения'),
	(2, 'Свободен'),
	(3, 'Работает'),
	(4, 'Пауза'),
	(5, 'Пауза по ошибке'),
	(6, 'Ошибка');

-- Группы датчиков
insert into "sensorsGroups" values
	(1, 'Механизм принтера'),
	(2, 'Механизм селективной подачи'),
	(3, 'Отсек материалов'),
	(4, 'Отсек электроники'),
	(5, 'Общий на комплекс'),
	(6, 'Вакуумная система'),
	(7, 'Стойка');

-- Статусы проекта
insert into "projectStatuses" values
	(1, 'В подготовке'),
	(2, 'На утверждении'),
	(3, 'В печати'),
	(4, 'Завершен'),
	(5, 'Отменен');

-- Статусы заданий
insert into "taskStatuses" values
	(1, 'В очереди'),
	(2, 'В печати'),
	(3, 'Пауза'),
	(4, 'Отменено'),
	(5, 'Брак'),
	(6, 'Завершено');

-- Приоритеты печати
insert into priorities values
	(1, 'Вперед остальных'),
	(2, 'В порядке очереди'),
	(3, 'Во время простоев');

-- Реакции на оповещение
insert into reactions values
	(1, 'Прочитано'),
	(2, 'Не отображать повторно'),
	(3, 'Отключить датчик'),
	(4, 'Не проводить автоматическую сервисную операцию повторно');

-- Материалы

-- 1. Полимерные основы:
insert into "polymerBases" values
	(1, 'ABS'),
	(2, 'ABS/PA'),
	(3, 'ASA'),
	(4, 'ASA/PC'),
	(5, 'Flex'),
	(6, 'HIPS'),
	(7, 'Nylon/PA'),
	(8, 'PBT'),
	(9, 'PC'),
	(10, 'PC/ABS'),
	(11, 'PCL'),
	(12, 'PEEK'),
	(13, 'PEI'),
	(14, 'PEKK'),
	(15, 'PET'),
	(16, 'PETG'),
	(17, 'PLA'),
	(18, 'PMMA'),
	(19, 'PND'),
	(20, 'POM'),
	(21, 'PP'),
	(22, 'PPS'),
	(23, 'PSU'),
	(24, 'PVA'),
	(25, 'SAN'),
	(26, 'SBS'),
	(27, 'TPE'),
	(28, 'TPU'),
	(29, 'WAX');

-- 2. Производители
insert into makers (id, name) values
	(1, 'BestFilament'),
	(2, 'Filamentarno F!'),
	(3, 'PrintProduct'),
	(4, 'REC'),
	(5, 'u3print');

-- 3. Материалы
insert into materials (id, name, "idPolymerBase", composite, "idMaker", density, "printingTemp", "maxRadiatorTemp", "tableTemp", "blowingParts", "chamberTemp", "timeSwitchCoolingMode", "coolingModeTemp", "materialUnloadSpeed", "materialUnloadTemp", "materialUnloadLength", "materialLoadSpeed", "materialCleanLength", "materialServeCoef", "gramsCost", "markingDeletion") values
    (1, 'ABS', 1, 'False', 1, 1.05, 245, 80, 95, 10, 60, 100, 80, 30, 99, 100, 10, 50, 100, 0, 'False'),
    (2, 'ABS/PA2', 2, 'True', 2, 1.07, 260, 100, 115, 10, 80, 60, 80, 30, 99, 100, 10, 50, 100, 0, 'False'),
    (3, 'WAX 3D Base', 29, 'False', 2, 0.98, 135, 50, 24, 0, 40, 100, 50, 30, 99, 100, 30, 100, 100, 0, 'False'),
    (4, 'UltraX', 29, 'True', 4, 1.11, 305, 100, 125, 0, 80, 100, 40, 30, 99, 100, 30, 100, 100, 0, 'False'),
    (5, 'UL94 V-0', 4, 'False', 2, 1.19, 250, 80, 105, 30, 80, 60, 20, 40, 99, 100, 50, 100, 100, 0, 'False'),
    (6, 'T-SOFT', 26, 'False', 2, 1.01, 230, 95, 80, 40, 60, 100, 60, 40, 99, 100, 40, 100, 100, 0, 'False'),
    (7, 'TPU Soft', 28, 'False', 1, 1.12, 230, 100, 70, 20, 70, 60, 80, 40, 99, 100, 40, 100, 100, 0, 'False'),
    (8, 'TPU Easy Flex', 28, 'False', 4, 1.15, 230, 100, 70, 20, 70, 60, 80, 40, 99, 100, 40, 100, 100, 0, 'False'),
    (9, 'TPU D70', 28, 'False', 4, 1.23, 230, 80, 70, 20, 70, 60, 80, 40, 99, 100, 40, 100, 100, 0, 'False'),
    (10, 'TPU A93', 28, 'False', 2, 1.13, 230, 100, 70, 20, 70, 60, 80, 40, 99, 100, 40, 100, 100, 0, 'False'),
    (11, 'TPEE (Flex)', 28, 'False', 4, 1.1, 230, 100, 70, 20, 60, 100, 40, 40, 99, 100, 40, 100, 100, 0, 'False'),
    (12, 'TOTAL GF-30', 28, 'True', 2, 1.45, 240, 100, 85, 20, 60, 100, 50, 30, 99, 100, 30, 100, 100, 0, 'False'),
    (13, 'TOTAL GF-10', 28, 'True', 2, 1.4, 230, 100, 90, 20, 60, 100, 50, 30, 99, 100, 30, 100, 100, 0, 'False'),
    (14, 'TOTAL CF-5', 28, 'True', 2, 1.16, 230, 100, 90, 40, 60, 80, 50, 40, 99, 100, 40, 100, 100, 0, 'False'),
    (15, 'TiTi FLEX SPRING', 5, 'True', 3, 1.1, 230, 100, 70, 15, 40, 100, 40, 40, 99, 100, 40, 100, 105, 0, 'False'),
    (16, 'TITI FLEX SOFT', 5, 'True', 3, 1.1, 230, 100, 70, 15, 40, 100, 40, 40, 99, 100, 40, 100, 105, 0, 'False'),
    (17, 'TITI FLEX MEDIUM', 5, 'True', 3, 1.1, 230, 100, 70, 15, 40, 100, 40, 40, 99, 100, 40, 100, 105, 0, 'False'),
    (18, 'TITI FLEX HARD', 5, 'True', 3, 1.1, 230, 100, 70, 15, 40, 100, 40, 40, 99, 100, 40, 100, 105, 0, 'False'),
    (19, 'TERMAX GF-40', 22, 'True', 2, 1.65, 320, 100, 120, 0, 60, 100, 40, 30, 99, 100, 30, 100, 100, 0, 'False'),
    (20, 'TERMAX CF-15', 22, 'True', 2, 1.34, 320, 100, 120, 0, 60, 100, 60, 30, 99, 100, 30, 100, 100, 0, 'False'),
    (21, 'STANDART PETg Lumi', 16, 'False', 2, 1.29, 230, 66, 75, 40, 60, 70, 40, 30, 99, 100, 30, 100, 100, 0, 'False'),
    (22, 'STANDART PETg', 16, 'False', 2, 1.29, 230, 66, 75, 30, 66, 180, 150, 40, 99, 100, 50, 100, 100, 0, 'False'),
    (23, 'SBS PRO', 26, 'False', 2, 1.04, 250, 85, 95, 80, 60, 100, 60, 40, 99, 100, 40, 100, 100, 0, 'False'),
    (24, 'SAN', 25, 'False', 4, 1.11, 240, 100, 100, 40, 60, 100, 60, 30, 99, 100, 30, 100, 100, 0, 'False'),
    (25, 'Rubber', 25, 'False', 4, 0.95, 235, 85, 105, 0, 50, 100, 30, 35, 99, 100, 35, 100, 100, 0, 'False'),
    (26, 'rPETG', 16, 'False', 4, 1.25, 210, 65, 70, 0, 50, 100, 40, 40, 99, 100, 40, 100, 100, 0, 'False'),
    (27, 'Rezina', 21, 'False', 2, 0.89, 240, 100, 30, 40, 70, 100, 55, 30, 99, 100, 30, 100, 100, 0, 'False'),
    (28, 'PVA(3)', 24, 'False', 3, 1.24, 210, 70, 50, 40, 70, 100, 100, 40, 99, 100, 40, 100, 100, 0, 'False'),
    (29, 'PVA(2)', 24, 'False', 1, 1.24, 210, 70, 50, 40, 70, 100, 100, 40, 99, 100, 40, 100, 100, 0, 'False'),
    (30, 'PVA', 24, 'False', 4, 1.25, 210, 70, 50, 40, 70, 100, 100, 40, 99, 100, 40, 100, 100, 0, 'False'),
    (31, 'PSU', 23, 'False', 4, 1.24, 320, 100, 140, 0, 80, 100, 40, 30, 99, 100, 30, 100, 100, 0, 'False'),
    (32, 'PRO Flex', 27, 'False', 2, 1.18, 245, 100, 60, 100, 40, 100, 80, 40, 99, 100, 40, 100, 105, 0, 'False'),
    (33, 'PP+', 21, 'False', 4, 0.9, 245, 100, 60, 20, 80, 60, 20, 40, 99, 100, 30, 100, 100, 0, 'False'),
    (34, 'PP 3D GF-30', 21, 'True', 2, 1.15, 245, 100, 60, 20, 80, 60, 20, 40, 99, 100, 30, 100, 100, 0, 'False'),
    (35, 'PP', 21, 'False', 3, 0.9, 245, 100, 60, 20, 80, 60, 20, 40, 99, 100, 30, 100, 100, 0, 'False'),
    (36, 'POM', 20, 'False', 3, 1.4, 270, 100, 120, 30, 50, 100, 40, 40, 99, 100, 40, 100, 100, 0, 'False'),
    (37, 'PND', 19, 'False', 3, 0.93, 220, 100, 100, 80, 40, 100, 70, 40, 99, 100, 40, 100, 100, 0, 'False'),
    (38, 'PMMA (Cast)', 17, 'False', 4, 1.18, 230, 100, 100, 0, 60, 100, 40, 40, 99, 100, 40, 100, 100, 0, 'False'),
    (39, 'PLA+ Standart', 17, 'False', 2, 1.45, 210, 50, 40, 100, 40, 15, 50, 30, 80, 100, 30, 50, 100, 0, 'False'),
    (40, 'PLA(2)', 17, 'False', 1, 1.23, 210, 50, 65, 100, 40, 100, 50, 30, 80, 100, 30, 50, 100, 0, 'False'),
    (41, 'PLA GEO LUMI', 17, 'False', 3, 1.21, 210, 50, 65, 100, 40, 100, 50, 30, 80, 100, 30, 50, 100, 0, 'False'),
    (42, 'PLA GEO', 17, 'False', 3, 1.21, 210, 50, 65, 100, 40, 100, 50, 30, 80, 100, 30, 50, 100, 0, 'False'),
    (43, 'PLA Arch', 17, 'False', 3, 1.21, 210, 50, 65, 100, 40, 100, 50, 30, 80, 100, 30, 50, 100, 0, 'False'),
    (44, 'PLA', 17, 'False', 4, 1.25, 210, 50, 65, 100, 40, 100, 50, 30, 80, 100, 30, 50, 100, 0, 'False'),
    (45, 'PET-GUN', 15, 'False', 3, 1.25, 260, 60, 95, 20, 60, 60, 50, 40, 99, 100, 40, 100, 100, 0, 'False'),
    (46, 'PETG(4)', 16, 'False', 3, 1.29, 230, 70, 75, 30, 70, 180, 150, 40, 99, 100, 50, 100, 100, 0, 'False'),
    (47, 'PETg SuperLumi', 16, 'True', 2, 1.29, 230, 66, 75, 40, 60, 100, 40, 30, 99, 100, 30, 100, 100, 0, 'False'),
    (48, 'PETG Relax', 16, 'False', 4, 1.3, 230, 70, 75, 30, 70, 180, 150, 40, 99, 100, 50, 100, 100, 0, 'False'),
    (49, 'PET-G (Relax)', 16, 'False', 4, 1.3, 235, 70, 70, 20, 50, 100, 40, 40, 99, 100, 40, 100, 100, 0, 'False'),
    (50, 'PETG', 16, 'False', 1, 1.25, 240, 75, 70, 100, 40, 180, 150, 40, 99, 100, 50, 100, 100, 0, 'False'),
    (51, 'PCL', 11, 'False', 1, 1.16, 100, 52, 60, 40, 40, 100, 50, 40, 80, 100, 30, 100, 100, 0, 'False'),
    (52, 'PC/ABS', 10, 'False', 1, 1.1, 255, 100, 105, 10, 60, 60, 20, 40, 99, 100, 40, 100, 100, 0, 'False'),
    (53, 'PC', 9, 'False', 3, 1.1, 255, 100, 105, 10, 60, 60, 20, 40, 99, 100, 40, 100, 100, 0, 'False'),
    (54, 'PBT GF-30', 8, 'True', 2, 1.52, 300, 100, 120, 10, 80, 100, 100, 40, 99, 100, 10, 100, 100, 0, 'False'),
    (55, 'PA66 GF-30', 8, 'True', 2, 1.36, 310, 100, 140, 0, 60, 60, 60, 30, 99, 100, 30, 100, 100, 0, 'False'),
    (56, 'PA12+GF12 (Nylon) (Friction)', 8, 'True', 4, 1.07, 260, 100, 115, 10, 80, 60, 80, 20, 99, 100, 20, 50, 100, 0, 'False'),
    (57, 'NYLON STRONG', 8, 'True', 3, 0.45, 250, 100, 105, 0, 60, 100, 40, 40, 99, 100, 40, 100, 100, 0, 'False'),
    (58, 'NYLON MOD', 8, 'True', 3, 0.45, 250, 100, 105, 0, 60, 100, 40, 40, 99, 100, 40, 100, 100, 0, 'False'),
    (59, 'NYLON', 8, 'True', 3, 0.45, 250, 100, 105, 0, 60, 100, 40, 40, 99, 100, 40, 100, 100, 0, 'False'),
    (60, 'HIPS(3)', 6, 'False', 1, 1.05, 240, 70, 95, 40, 70, 60, 100, 40, 99, 100, 50, 100, 100, 0, 'False'),
    (61, 'HIPS(2)', 6, 'False', 3, 1.04, 225, 70, 100, 40, 70, 60, 100, 40, 99, 100, 50, 100, 100, 0, 'False'),
    (62, 'HIPS', 6, 'False', 4, 1.03, 225, 70, 100, 40, 70, 60, 100, 40, 99, 100, 50, 100, 100, 0, 'False'),
    (63, 'GF MAX+GF10', 16, 'True', 4, 1.23, 250, 100, 90, 0, 80, 100, 50, 30, 99, 100, 30, 100, 100, 0, 'False'),
    (64, 'FormaX', 1, 'True', 4, 1.11, 280, 100, 105, 0, 60, 100, 50, 30, 99, 100, 10, 30, 100, 0, 'False'),
    (65, 'Flex', 27, 'False', 4, 1.1, 230, 100, 70, 15, 40, 100, 40, 40, 99, 100, 40, 100, 105, 0, 'False'),
    (66, 'Clotho ABS', 1, 'True', 4, 0.00, 280, 100, 110, 0, 80, 100, 40, 30, 99, 100, 30, 100, 100, 0, 'False'),
    (67, 'CERAMO-TEX', 25, 'True', 2, 0.55, 240, 100, 100, 20, 60, 100, 50, 30, 99, 100, 30, 100, 80, 0, 'False'),
    (68, 'CERAMO', 25, 'False', 2, 1.11, 240, 100, 100, 40, 60, 100, 60, 30, 99, 100, 30, 100, 100, 0, 'False'),
    (69, 'ASA(2)', 3, 'False', 3, 1.18, 230, 80, 105, 10, 80, 60, 20, 40, 99, 100, 50, 100, 100, 0, 'False'),
    (70, 'ASA Eternal', 3, 'False', 4, 1.08, 230, 80, 105, 10, 80, 60, 20, 40, 99, 100, 50, 100, 100, 0, 'False'),
    (71, 'ASA', 3, 'False', 1, 1.08, 230, 80, 105, 10, 80, 60, 20, 40, 99, 100, 50, 100, 100, 0, 'False'),
    (72, 'AEROTEX', 25, 'True', 2, 0.82, 250, 100, 105, 20, 60, 100, 70, 30, 99, 100, 30, 100, 85, 0, 'False'),
    (73, 'ABS/PA GF-8', 2, 'True', 2, 1.12, 280, 100, 115, 0, 60, 90, 50, 30, 99, 100, 30, 100, 100, 0, 'False'),
    (74, 'ABS/PA', 2, 'False', 2, 1.07, 260, 100, 115, 10, 80, 60, 80, 30, 99, 100, 10, 50, 100, 0, 'False'),
    (75, 'ABS(1)', 1, 'False', 4, 1.05, 240, 80, 80, 10, 60, 100, 80, 30, 99, 100, 10, 50, 100, 0, 'False'),
    (76, 'ABS антистатический', 1, 'False', 4, 1.05, 240, 80, 80, 10, 60, 100, 80, 30, 99, 100, 10, 50, 100, 0, 'False'),
    (77, 'ABS Standart', 1, 'False', 2, 1.01, 240, 80, 80, 10, 60, 15, 80, 30, 99, 100, 10, 50, 101, 0, 'False'),
    (78, 'ABS M8', 1, 'False', 3, 1.04, 240, 80, 80, 10, 60, 100, 80, 30, 99, 100, 10, 50, 100, 0, 'False'),
    (79, 'ABS GF-8', 1, 'True', 2, 1.12, 280, 100, 115, 10, 40, 60, 50, 40, 99, 100, 40, 100, 100, 0, 'False'),
    (80, 'ABS GF-4', 1, 'True', 2, 1.25, 250, 80, 100, 10, 50, 180, 120, 30, 99, 100, 50, 100, 100, 0, 'False'),
    (81, 'ABS GF12', 1, 'True', 4, 1.2, 320, 100, 105, 0, 60, 100, 50, 30, 99, 100, 30, 100, 100, 0, 'False'),
    (82, 'ABS GEO', 1, 'False', 3, 1.04, 240, 80, 80, 10, 60, 100, 80, 30, 99, 100, 10, 50, 100, 0, 'False');

